<?xml version="1.0" encoding="UTF-8"?>
<labels>
    <ontology>Ontología</ontology>
    <ontologysource>Fuente</ontologysource>
    <visualisation>Otra visualización</visualisation>
    <visualiseitwith>visualizar con</visualiseitwith>
    <date>Fecha</date>
    <currentversion>Versión actual</currentversion>
    <previousversion>Versión previa</previousversion>
    <backwardcompatiblewith>Compatible con</backwardcompatiblewith>
    <incompatibleWith>No compatible con</incompatibleWith>
    <abstract>Síntesis</abstract>
    <introduction>Introducción</introduction>
    <disjointclasses>Clases disjuntas</disjointclasses>
    <subclassdefinition>Definición general de subclase</subclassdefinition>
    <equivalentdefinition>Definición general de equivalencia</equivalentdefinition>
    <issubclassof>subclase de</issubclassof>
    <isequivalentto>equivalente a</isequivalentto>
    <functional>funcional</functional>
    <inversefunctional>funcional inversa</inversefunctional>
    <reflexive>reflexiva</reflexive>
    <irreflexive>irreflexiva</irreflexive>
    <symmetric>simetrica</symmetric>
    <asymmetric>asimetrica</asymmetric>
    <transitive>transitiva</transitive>
    <isdefinedby>Definida por</isdefinedby>
    <belongsto>pertenece a</belongsto>
    <issameas>igual a</issameas>
    <isalsodefinedas>también definida por</isalsodefinedas>
    <isdisjointwith>disjunto a</isdisjointwith>
    <haskeys>claves</haskeys>
    <hassuperclasses>tiene superclases</hassuperclasses>
    <hassubclasses>tiene subclases</hassubclasses>
    <isindomainof>en dominio de</isindomainof>
    <isinrangeof>en rango de</isinrangeof>
    <hasmembers>miembros</hasmembers>
    <isinverseof>inversa de</isinverseof>
    <hassubpropertychains>tiene cadenas de subpropiedades</hassubpropertychains>
    <hasequivalentproperties>tiene propiedades equivalentes</hasequivalentproperties>
    <hassuperproperties>tiene superpropiedades</hassuperproperties>
    <hassubproperties>tiene subpropiedades</hassubproperties>
    <hasdomain>dominio</hasdomain>
    <hasrange>rango</hasrange>
    <importedontologies>Ontologias Importadas</importedontologies>
    <individualassertions>hechos</individualassertions>
    <authors>Autores</authors>
    <contributors>Colaboradores</contributors>
    <publisher>Editor</publisher>
    <toc>Índice</toc>
    <tocabbr>índice</tocabbr>
    <backto>Volver a</backto>
    <class>clase</class>
    <classes>Clases</classes>
    <objectproperty>Propiedad entre objetos</objectproperty>
    <objectproperties>Propiedades entre objetos</objectproperties>
    <dataproperty>Propiedad de datos</dataproperty>
    <dataproperties>Propiedades de datos</dataproperties>
    <namedindividual>Individuo</namedindividual>
    <namedindividuals>Individuos</namedindividuals>
    <annotationproperty>propiedad de anotación</annotationproperty>
    <annotationproperties>Propiedades de anotación</annotationproperties>
    <datarange>rango de datos</datarange>
    <dataranges>Rangos de Datos</dataranges>
    <generalaxioms>Axiomas Generales</generalaxioms>
    <rule>regla</rule>
    <rules>Regla SWRL</rules>
    <namespace>namespace por defecto</namespace>
    <namespaces>Declaraciones de namespaces</namespaces>
    <endnote>Este HTML ha sido obtenido mediante el procesado de la ontología con</endnote>
    <developedby>desarrollado por</developedby>
    <or>o</or>
    <classtoc>Índice de clases</classtoc>
    <objectpropertytoc>Índice de propiedades de objetos</objectpropertytoc>
    <datapropertytoc>Índice de propiedades de datos</datapropertytoc>
    <annotationpropertytoc>Índice de propiedades de anotación</annotationpropertytoc>
    <namedindividualtoc>Índice de individuos</namedindividualtoc>
    <hascharacteristics>tiene características</hascharacteristics>
	<rationale>Fundamento</rationale>
	<example>Ejemplo</example>
	<propertyannotation>Anotaciones de propiedad</propertyannotation>
	<category>Categoría</category>
	<isrequired>Requerido</isrequired>
	<source>Fuente</source>
	<termStatus>Estado</termStatus>
	<deprecated>Depecreado</deprecated>
    <domainIncludes>el dominio incluye</domainIncludes>
    <rangeIncludes>el rango incluye</rangeIncludes>
    <usesRule>utiliza regla</usesRule>
    <editorialNote>nota editorial</editorialNote>
</labels>